ZIP,MME_PER_PERSON,RANK
14173,124173.96686489783,1
10119,85681.63347826051,2
10535,54616.65057081078,3
12775,32602.646898127772,4
12754,25660.474336195333,5
